X,Y,id,Name,icon_url
0.10175996296057,51.3750793463875,"1",Orpington HWC,./0.png
